{
  "weights": {
    "production.categories": 0.4599323687410947,
    "production.brands": 0.4599323687410947,
    "production.products": 0.8267425585424757,
    "production.stocks": 0.5325532690686361,
    "sales.customers": 0.5325532690686362,
    "sales.stores": 1.9924378059847652,
    "sales.staffs": 0.5325532690686361,
    "sales.orders": 0.8267425585424755,
    "sales.order_items": 0.6166406273426314,
    "dbo.sysdiagrams": 0.3972143184582181,
    "hr.candidates": 0.3972143184582181,
    "hr.employees": 0.3972143184582181
  },
  "version": "1.0"
}